timeStamp,elapsed,label,responseCode,responseMessage,threadName,dataType,success,failureMessage,bytes,sentBytes,grpThreads,allThreads,URL,Latency,IdleTime,Connect
1663480240474,6980,launch wekipedia/search-74,200,OK,Thread Group 1-1,text,true,,117681,483,1,1,https://www.google.com/search?client=firefox-b-d&q=wekidedia,6671,0,1693
1663480247456,4497,searchinwekipedia/w/api.php-107,200,OK,Thread Group 1-1,text,true,,2417,606,1,1,https://en.wikipedia.org/w/api.php?action=query&format=json&generator=prefixsearch&prop=pageprops%7Cpageimages%7Cdescription&redirects=&ppprop=displaytitle&piprop=thumbnail&pithumbsize=80&pilimit=6&gpssearch=jmeter&gpsnamespace=0&gpslimit=6&callback=callbackStack.queue%5B5%5D,4497,0,1945
1663480251954,4817,launch wekipedia/search-74,200,OK,Thread Group 1-1,text,true,,115276,483,1,1,https://www.google.com/search?client=firefox-b-d&q=wekidedia,3693,0,0
1663480256772,3680,searchinwekipedia/w/api.php-107,200,OK,Thread Group 1-1,text,true,,2436,606,1,1,https://en.wikipedia.org/w/api.php?action=query&format=json&generator=prefixsearch&prop=pageprops%7Cpageimages%7Cdescription&redirects=&ppprop=displaytitle&piprop=thumbnail&pithumbsize=80&pilimit=6&gpssearch=jmeter&gpsnamespace=0&gpslimit=6&callback=callbackStack.queue%5B5%5D,3680,0,0
1663480260453,5428,launch wekipedia/search-74,200,OK,Thread Group 1-1,text,true,,118851,483,1,1,https://www.google.com/search?client=firefox-b-d&q=wekidedia,5121,0,0
1663480265882,816,searchinwekipedia/w/api.php-107,200,OK,Thread Group 1-1,text,true,,2417,606,1,1,https://en.wikipedia.org/w/api.php?action=query&format=json&generator=prefixsearch&prop=pageprops%7Cpageimages%7Cdescription&redirects=&ppprop=displaytitle&piprop=thumbnail&pithumbsize=80&pilimit=6&gpssearch=jmeter&gpsnamespace=0&gpslimit=6&callback=callbackStack.queue%5B5%5D,816,0,0
1664273690445,895,launch wekipedia/search-74,200,OK,Thread Group 1-1,text,true,,117906,483,1,1,https://www.google.com/search?client=firefox-b-d&q=wekidedia,858,0,193
1664273691410,546,searchinwekipedia/w/api.php-107,200,OK,Thread Group 1-1,text,true,,2427,606,1,1,https://en.wikipedia.org/w/api.php?action=query&format=json&generator=prefixsearch&prop=pageprops%7Cpageimages%7Cdescription&redirects=&ppprop=displaytitle&piprop=thumbnail&pithumbsize=80&pilimit=6&gpssearch=jmeter&gpsnamespace=0&gpslimit=6&callback=callbackStack.queue%5B5%5D,546,0,189
1664273692351,666,launch wekipedia/search-74,200,OK,Thread Group 1-1,text,true,,118765,483,1,1,https://www.google.com/search?client=firefox-b-d&q=wekidedia,652,0,0
1664273693198,396,searchinwekipedia/w/api.php-107,200,OK,Thread Group 1-1,text,true,,2427,606,1,1,https://en.wikipedia.org/w/api.php?action=query&format=json&generator=prefixsearch&prop=pageprops%7Cpageimages%7Cdescription&redirects=&ppprop=displaytitle&piprop=thumbnail&pithumbsize=80&pilimit=6&gpssearch=jmeter&gpsnamespace=0&gpslimit=6&callback=callbackStack.queue%5B5%5D,396,0,0
1664273693743,604,launch wekipedia/search-74,200,OK,Thread Group 1-1,text,true,,114579,483,1,1,https://www.google.com/search?client=firefox-b-d&q=wekidedia,569,0,0
1664273694359,399,searchinwekipedia/w/api.php-107,200,OK,Thread Group 1-1,text,true,,2427,606,1,1,https://en.wikipedia.org/w/api.php?action=query&format=json&generator=prefixsearch&prop=pageprops%7Cpageimages%7Cdescription&redirects=&ppprop=displaytitle&piprop=thumbnail&pithumbsize=80&pilimit=6&gpssearch=jmeter&gpsnamespace=0&gpslimit=6&callback=callbackStack.queue%5B5%5D,399,0,0
